names,chi2,p-value,dof
listening_content,20.08232055948347,7.417923073190301e-06,1
usage_period,9.588812910417747,0.022405070556768027,3
sub_willingness,76.78933394116618,1.90202068530302e-18,1
preferred_plan,83.34608496183587,3.40236744686884e-17,4
music_genre,30.67882230577416,0.0006628217729379874,10
time_slot,15.758460616951181,0.00037852429162680065,2
